{"cameraMode":{"drawMode":0,"name":"Shaded","section":"Shading Mode"},"sceneLighting":false,"audioPlay":false,"sceneViewState":{"showFog":true,"showMaterialUpdate":false,"showSkybox":true,"showFlares":true,"showImageEffects":true,"showParticleSystems":true},"in2DMode":false,"pivot":{"x":-1.4096457958221436,"y":0.8001858592033386,"z":3.6895408630371095},"rotation":{"x":-0.01440249104052782,"y":-0.004497455433011055,"z":0.00006486931670224294,"w":-0.9998862147331238},"size":24.745149612426759,"orthographic":false}