{"cameraMode":{"drawMode":0,"name":"Shaded","section":"Shading Mode"},"sceneLighting":false,"audioPlay":false,"sceneViewState":{"showFog":true,"showMaterialUpdate":false,"showSkybox":true,"showFlares":true,"showImageEffects":true,"showParticleSystems":true},"in2DMode":false,"pivot":{"x":0.5287668704986572,"y":1.0952967405319214,"z":-0.8531465530395508},"rotation":{"x":0.0020983698777854444,"y":-0.002997871022671461,"z":-0.000006204678811627673,"w":-0.9999933242797852},"size":8.544662475585938,"orthographic":false}